{"color":{"r":0.5568627450980392,"b":0.5568627450980392,"g":0.5568627450980392,"a":1},"name":"mediumgray","category":"Colors","index":9}