{"color":{"r":0.3333333333333333,"b":0.3333333333333333,"g":0.3333333333333333,"a":1},"name":"darkgray","category":"Colors","index":8}