{"color":{"r":0.7449245323129252,"b":0.000396799289229156,"g":0.2854113220873628,"a":1},"name":"red","category":"Colors","index":4}