{"color":{"r":0.9568627450980393,"b":0,"g":0.7058823529411765,"a":1},"name":"yellow","category":"Colors","index":2}