{"color":{"r":0.05098039215686274,"b":0,"g":0.6862745098039216,"a":1},"name":"green","category":"Colors","index":3}