{"color":{"r":0.9607843137254902,"b":0.9529411764705882,"g":0.9607843137254902,"a":1},"name":"cream","category":"Colors","index":1}