{"color":{"r":0.8274509803921568,"b":0.8274509803921568,"g":0.8274509803921568,"a":1},"name":"lightgray","category":"Colors","index":10}