{"color":{"r":0.01807930134236813,"b":0.8330941796302795,"g":0.4255867302417755,"a":1},"name":"blue","category":"Colors","index":5}